Date,VHIAX
10/1/2012,10.06
10/2/2012,10.07
10/3/2012,10.13
10/4/2012,10.18
10/5/2012,10.16
10/8/2012,10.08
10/9/2012,9.95
10/10/2012,9.88
10/11/2012,9.89
10/12/2012,9.87
10/15/2012,9.95
10/16/2012,10.09
10/17/2012,10.11
10/18/2012,10.05
10/19/2012,9.87
10/22/2012,9.87
10/23/2012,9.79
10/24/2012,9.76
10/25/2012,9.73
10/26/2012,9.72
10/31/2012,9.72
11/1/2012,9.88
11/2/2012,9.76
11/5/2012,9.81
11/6/2012,9.87
11/7/2012,9.66
11/8/2012,9.5
11/9/2012,9.51
11/12/2012,9.55
11/13/2012,9.53
11/14/2012,9.4
11/15/2012,9.37
11/16/2012,9.44
11/19/2012,9.66
11/20/2012,9.67
11/21/2012,9.7
11/23/2012,9.81
11/26/2012,9.82
11/27/2012,9.78
11/28/2012,9.85
11/29/2012,9.93
11/30/2012,9.92
12/3/2012,9.87
12/4/2012,9.83
12/5/2012,9.78
12/6/2012,9.83
12/7/2012,9.8
12/10/2012,9.8
12/11/2012,9.9
12/12/2012,9.89
12/13/2012,9.77
12/14/2012,9.7
12/17/2012,9.85
12/18/2012,9.99
12/19/2012,9.93
12/20/2012,9.97
12/21/2012,9.89
12/24/2012,9.87
12/26/2012,9.79
12/27/2012,9.78
12/28/2012,9.7
12/31/2012,9.89
1/2/2013,10.15
1/3/2013,10.12
1/4/2013,10.15
1/7/2013,10.14
1/8/2013,10.12
1/9/2013,10.19
1/10/2013,10.23
1/11/2013,10.25
1/14/2013,10.22
1/15/2013,10.23
1/16/2013,10.24
1/17/2013,10.3
1/18/2013,10.32
1/22/2013,10.37
1/23/2013,10.41
1/24/2013,10.42
1/25/2013,10.47
1/28/2013,10.45
1/29/2013,10.46
1/30/2013,10.4
1/31/2013,10.42
2/1/2013,10.52
2/4/2013,10.36
2/5/2013,10.46
2/6/2013,10.48
2/7/2013,10.46
2/8/2013,10.58
2/11/2013,10.56
2/12/2013,10.57
2/13/2013,10.56
2/14/2013,10.59
2/15/2013,10.58
2/19/2013,10.63
2/20/2013,10.44
2/21/2013,10.32
2/22/2013,10.47
2/25/2013,10.27
2/26/2013,10.33
2/27/2013,10.49
2/28/2013,10.5
3/1/2013,10.53
3/4/2013,10.59
3/5/2013,10.71
3/6/2013,10.72
3/7/2013,10.71
3/8/2013,10.78
3/11/2013,10.8
3/12/2013,10.77
3/13/2013,10.81
3/14/2013,10.84
3/15/2013,10.8
3/18/2013,10.78
3/19/2013,10.73
3/20/2013,10.83
3/21/2013,10.75
3/22/2013,10.82
3/25/2013,10.79
3/26/2013,10.86
3/27/2013,10.87
3/28/2013,10.94
4/1/2013,10.86
4/2/2013,10.88
4/3/2013,10.73
4/4/2013,10.75
4/5/2013,10.69
4/8/2013,10.77
4/9/2013,10.78
4/10/2013,10.93
4/11/2013,10.99
4/12/2013,10.96
4/15/2013,10.63
4/16/2013,10.82
4/17/2013,10.66
4/18/2013,10.54
4/19/2013,10.67
4/22/2013,10.74
4/23/2013,10.84
4/24/2013,10.82
4/25/2013,10.9
4/26/2013,10.86
4/29/2013,10.98
4/30/2013,11.02
5/1/2013,10.88
5/2/2013,11.04
5/3/2013,11.2
5/6/2013,11.25
5/7/2013,11.28
5/8/2013,11.32
5/9/2013,11.34
5/10/2013,11.45
5/13/2013,11.46
5/14/2013,11.62
5/15/2013,11.65
5/16/2013,11.64
5/17/2013,11.74
5/20/2013,11.71
5/21/2013,11.74
5/22/2013,11.58
5/23/2013,11.57
5/24/2013,11.59
5/28/2013,11.72
5/29/2013,11.68
5/30/2013,11.76
5/31/2013,11.63
6/3/2013,11.58
6/4/2013,11.45
6/5/2013,11.32
6/6/2013,11.44
6/7/2013,11.61
6/10/2013,11.62
6/11/2013,11.47
6/12/2013,11.34
6/13/2013,11.49
6/14/2013,11.44
6/17/2013,11.52
6/18/2013,11.63
6/19/2013,11.5
6/20/2013,11.22
6/21/2013,11.19
6/24/2013,11.05
6/25/2013,11.18
6/26/2013,11.3
6/27/2013,11.41
6/28/2013,11.4
7/1/2013,11.6
7/2/2013,11.6
7/3/2013,11.62
7/5/2013,11.77
7/8/2013,11.8
7/9/2013,11.89
7/10/2013,11.9
7/11/2013,12.07
7/12/2013,12.14
7/15/2013,12.13
7/16/2013,12.03
7/17/2013,12.08
7/18/2013,12.1
7/19/2013,12.12
7/22/2013,12.15
7/23/2013,12.08
7/24/2013,12.07
7/25/2013,12.16
7/26/2013,12.16
7/29/2013,12.1
7/30/2013,12.16
7/31/2013,12.21
8/1/2013,12.44
8/2/2013,12.49
8/5/2013,12.49
8/6/2013,12.44
8/7/2013,12.34
8/8/2013,12.4
8/9/2013,12.37
8/12/2013,12.38
8/13/2013,12.44
8/14/2013,12.36
8/15/2013,12.18
8/16/2013,12.19
8/19/2013,12.13
8/20/2013,12.21
8/21/2013,12.19
8/22/2013,12.33
8/23/2013,12.35
8/26/2013,12.37
8/27/2013,12.09
8/28/2013,12.14
8/29/2013,12.24
8/30/2013,12.14
9/3/2013,12.24
9/4/2013,12.36
9/5/2013,12.4
9/6/2013,12.42
9/9/2013,12.59
9/10/2013,12.68
9/11/2013,12.72
9/12/2013,12.69
9/13/2013,12.71
9/16/2013,12.73
9/17/2013,12.82
9/18/2013,12.99
9/19/2013,13.02
9/20/2013,12.94
9/23/2013,12.86
9/24/2013,12.9
9/25/2013,12.87
9/26/2013,12.96
9/27/2013,12.95
9/30/2013,12.93
10/1/2013,13.09
10/2/2013,13.09
10/3/2013,12.95
10/4/2013,13.08
10/7/2013,12.92
10/8/2013,12.6
10/9/2013,12.55
10/10/2013,12.88
10/11/2013,13
10/14/2013,13.06
10/15/2013,12.96
10/16/2013,13.13
10/17/2013,13.21
10/18/2013,13.38
10/21/2013,13.38
10/22/2013,13.43
10/23/2013,13.38
10/24/2013,13.46
10/25/2013,13.48
10/28/2013,13.42
10/29/2013,13.49
10/30/2013,13.37
10/31/2013,13.31
11/1/2013,13.3
11/4/2013,13.36
11/5/2013,13.38
11/6/2013,13.33
11/7/2013,13.06
11/8/2013,13.27
11/11/2013,13.3
11/12/2013,13.29
11/13/2013,13.43
11/14/2013,13.47
11/15/2013,13.56
11/18/2013,13.4
11/19/2013,13.34
11/20/2013,13.31
11/21/2013,13.48
11/22/2013,13.59
11/25/2013,13.58
11/26/2013,13.68
11/27/2013,13.71
11/29/2013,13.71
12/2/2013,13.68
12/3/2013,13.6
12/4/2013,13.59
12/5/2013,13.63
12/6/2013,13.74
12/9/2013,13.81
12/10/2013,13.79
12/11/2013,13.62
12/12/2013,12.98
12/13/2013,13.03
12/16/2013,13.13
12/17/2013,13.11
12/18/2013,13.29
12/19/2013,13.26
12/20/2013,13.42
12/23/2013,13.52
12/24/2013,13.55
12/26/2013,13.59
12/27/2013,13.53
12/30/2013,13.53
12/31/2013,13.61
1/2/2014,13.52
1/3/2014,13.52
1/6/2014,13.44
1/7/2014,13.54
1/8/2014,13.62
1/9/2014,13.63
1/10/2014,13.72
1/13/2014,13.43
1/14/2014,13.63
1/15/2014,13.69
1/16/2014,13.73
1/17/2014,13.7
1/21/2014,13.8
1/22/2014,13.88
1/23/2014,13.77
1/24/2014,13.38
1/27/2014,13.24
1/28/2014,13.4
1/29/2014,13.24
1/30/2014,13.46
1/31/2014,13.37
2/3/2014,13
2/4/2014,13.2
2/5/2014,13.13
2/6/2014,13.31
2/7/2014,13.55
2/10/2014,13.55
2/11/2014,13.67
2/12/2014,13.71
2/13/2014,13.87
2/14/2014,13.85
2/18/2014,13.95
2/19/2014,13.84
2/20/2014,13.97
2/21/2014,13.97
2/24/2014,14.09
2/25/2014,14.1
2/26/2014,14.13
2/27/2014,14.21
2/28/2014,14.15
3/3/2014,14.03
3/4/2014,14.29
3/5/2014,14.3
3/6/2014,14.27
3/7/2014,14.25
3/10/2014,14.21
3/11/2014,14.11
3/12/2014,14.16
3/13/2014,13.93
3/14/2014,13.9
3/17/2014,14.04
3/18/2014,14.2
3/19/2014,14.11
3/20/2014,14.13
3/21/2014,13.94
3/24/2014,13.76
3/25/2014,13.75
3/26/2014,13.52
3/27/2014,13.44
3/28/2014,13.48
3/31/2014,13.63
4/1/2014,13.87
4/2/2014,13.91
4/3/2014,13.73
4/4/2014,13.38
4/7/2014,13.15
4/8/2014,13.22
4/9/2014,13.51
4/10/2014,13.05
4/11/2014,12.84
4/14/2014,12.91
4/15/2014,12.99
4/16/2014,13.2
4/17/2014,13.25
4/21/2014,13.33
4/22/2014,13.54
4/23/2014,13.45
4/24/2014,13.47
4/25/2014,13.14
4/28/2014,13.06
4/29/2014,13.22
4/30/2014,13.31
5/1/2014,13.41
5/2/2014,13.42
5/5/2014,13.47
5/6/2014,13.27
5/7/2014,13.22
5/8/2014,13.13
5/9/2014,13.19
5/12/2014,13.45
5/13/2014,13.4
5/14/2014,13.26
5/15/2014,13.11
5/16/2014,13.2
5/19/2014,13.33
5/20/2014,13.22
5/21/2014,13.36
5/22/2014,13.48
5/23/2014,13.58
5/27/2014,13.75
5/28/2014,13.71
5/29/2014,13.75
5/30/2014,13.71
6/2/2014,13.72
6/3/2014,13.73
6/4/2014,13.79
6/5/2014,13.93
6/6/2014,14.01
6/9/2014,14.03
6/10/2014,14.04
6/11/2014,14.02
6/12/2014,13.87
6/13/2014,13.94
6/16/2014,13.97
6/17/2014,14.02
6/18/2014,14.12
6/19/2014,14.11
6/20/2014,14.16
6/23/2014,14.16
6/24/2014,14.06
6/25/2014,14.16
6/26/2014,14.15
6/27/2014,14.19
6/30/2014,14.24
7/1/2014,14.38
7/2/2014,14.36
7/3/2014,14.45
7/7/2014,14.29
7/8/2014,14.08
7/9/2014,14.17
7/10/2014,14.06
7/11/2014,14.11
7/14/2014,14.19
7/15/2014,14.06
7/16/2014,14.06
7/17/2014,13.87
7/18/2014,14.08
7/21/2014,14.08
7/22/2014,14.15
7/23/2014,14.2
7/24/2014,14.23
7/25/2014,14.14
7/28/2014,14.11
7/29/2014,14.06
7/30/2014,14.12
7/31/2014,13.82
8/1/2014,13.77
8/4/2014,13.91
8/5/2014,13.82
8/6/2014,13.81
8/7/2014,13.73
8/8/2014,13.88
8/11/2014,13.96
8/12/2014,13.92
8/13/2014,14.05
8/14/2014,14.14
8/15/2014,14.17
8/18/2014,14.33
8/19/2014,14.43
8/20/2014,14.47
8/21/2014,14.48
8/22/2014,14.51
8/25/2014,14.59
8/26/2014,14.64
8/27/2014,14.63
8/28/2014,14.58
8/29/2014,14.67
9/2/2014,14.74
9/3/2014,14.66
9/4/2014,14.61
9/5/2014,14.66
9/8/2014,14.66
9/9/2014,14.53
9/10/2014,14.63
9/11/2014,14.63
9/12/2014,14.53
9/15/2014,14.36
9/16/2014,14.5
9/17/2014,14.52
9/18/2014,14.63
9/19/2014,14.56
9/22/2014,14.36
9/23/2014,14.3
9/24/2014,14.47
9/25/2014,14.22
9/26/2014,14.33
9/29/2014,14.3
9/30/2014,14.2
10/1/2014,13.99
10/2/2014,14.04
10/3/2014,14.22
10/6/2014,14.15
10/7/2014,13.9
10/8/2014,14.16
10/9/2014,13.84
10/10/2014,13.48
10/13/2014,13.18
10/14/2014,13.23
10/15/2014,13.25
10/16/2014,13.37
10/17/2014,13.56
10/20/2014,13.72
10/21/2014,14.13
10/22/2014,13.98
10/23/2014,14.23
10/24/2014,14.31
10/27/2014,14.3
10/28/2014,14.52
10/29/2014,14.41
10/30/2014,14.53
10/31/2014,14.73
11/3/2014,14.68
11/4/2014,14.57
11/5/2014,14.58
11/6/2014,14.7
11/7/2014,14.68
11/10/2014,14.75
11/11/2014,14.77
11/12/2014,14.8
11/13/2014,14.75
11/14/2014,14.75
11/17/2014,14.66
11/18/2014,14.81
11/19/2014,14.75
11/20/2014,14.83
11/21/2014,14.88
11/24/2014,15
11/25/2014,15
11/26/2014,15.04
11/28/2014,14.97
12/1/2014,14.76
12/2/2014,14.84
12/3/2014,14.95
12/4/2014,14.98
12/5/2014,15.01
12/8/2014,14.87
12/9/2014,14.92
12/10/2014,14.65
12/11/2014,14.74
12/12/2014,14.02
12/15/2014,13.91
12/16/2014,13.7
12/17/2014,14.05
12/18/2014,14.36
12/19/2014,14.46
12/22/2014,14.42
12/23/2014,14.37
12/24/2014,14.4
12/26/2014,14.48
12/29/2014,14.5
12/30/2014,14.41
12/31/2014,14.33
1/2/2015,14.31
1/5/2015,14.07
1/6/2015,13.88
1/7/2015,14.07
1/8/2015,14.38
1/9/2015,14.29
1/12/2015,14.17
1/13/2015,14.11
1/14/2015,14.06
1/15/2015,13.82
1/16/2015,14.06
1/20/2015,14.15
1/21/2015,14.25
1/22/2015,14.47
1/23/2015,14.52
1/26/2015,14.61
1/27/2015,14.43
1/28/2015,14.29
1/29/2015,14.47
1/30/2015,14.33
2/2/2015,14.43
2/3/2015,14.6
2/4/2015,14.52
2/5/2015,14.67
2/6/2015,14.62
2/9/2015,14.55
2/10/2015,14.72
2/11/2015,14.75
2/12/2015,14.89
2/13/2015,14.98
2/17/2015,14.99
2/18/2015,15.02
2/19/2015,15.08
2/20/2015,15.2
2/23/2015,15.22
2/24/2015,15.23
2/25/2015,15.24
2/26/2015,15.28
2/27/2015,15.18
3/2/2015,15.38
3/3/2015,15.29
3/4/2015,15.23
3/5/2015,15.3
3/6/2015,15.1
3/9/2015,15.14
3/10/2015,14.91
3/11/2015,14.9
3/12/2015,15.07
3/13/2015,15.01
3/16/2015,15.22
3/17/2015,15.22
3/18/2015,15.37
3/19/2015,15.4
3/20/2015,15.51
3/23/2015,15.4
3/24/2015,15.39
3/25/2015,15.05
3/26/2015,15.04
3/27/2015,15.12
3/30/2015,15.31
3/31/2015,15.2
4/1/2015,15.09
4/2/2015,15.11
4/6/2015,15.21
4/7/2015,15.2
4/8/2015,15.34
4/9/2015,15.39
4/10/2015,15.43
4/13/2015,15.4
4/14/2015,15.4
4/15/2015,15.48
4/16/2015,15.5
4/17/2015,15.26
4/20/2015,15.4
4/21/2015,15.48
4/22/2015,15.54
4/23/2015,15.59
4/24/2015,15.62
4/27/2015,15.52
4/28/2015,15.49
4/29/2015,15.43
4/30/2015,15.22
5/1/2015,15.4
5/4/2015,15.44
5/5/2015,15.23
5/6/2015,15.2
5/7/2015,15.3
5/8/2015,15.47
5/11/2015,15.44
5/12/2015,15.43
5/13/2015,15.44
5/14/2015,15.62
5/15/2015,15.62
5/18/2015,15.72
5/19/2015,15.71
5/20/2015,15.69
5/21/2015,15.76
5/22/2015,15.76
5/26/2015,15.6
5/27/2015,15.77
5/28/2015,15.75
5/29/2015,15.71
6/1/2015,15.74
6/2/2015,15.74
6/3/2015,15.82
6/4/2015,15.68
6/5/2015,15.75
6/8/2015,15.61
6/9/2015,15.63
6/10/2015,15.82
6/11/2015,15.84
6/12/2015,15.76
6/15/2015,15.79
6/16/2015,15.87
6/17/2015,15.89
6/18/2015,16.07
6/19/2015,16.01
6/22/2015,16.12
6/23/2015,16.17
6/24/2015,16.05
6/25/2015,16.05
6/26/2015,16
6/29/2015,15.63
6/30/2015,15.74
7/1/2015,15.85
7/2/2015,15.85
7/6/2015,15.8
7/7/2015,15.82
7/8/2015,15.54
7/9/2015,15.62
7/10/2015,15.86
7/13/2015,16.06
7/14/2015,16.19
7/15/2015,16.17
7/16/2015,16.31
7/17/2015,16.42
7/20/2015,16.48
7/21/2015,16.42
7/22/2015,16.38
7/23/2015,16.32
7/24/2015,16.2
7/27/2015,15.99
7/28/2015,16.16
7/29/2015,16.26
7/30/2015,16.33
7/31/2015,16.33
8/3/2015,16.28
8/4/2015,16.31
8/5/2015,16.48
8/6/2015,16.22
8/7/2015,16.15
8/10/2015,16.32
8/11/2015,16.2
8/12/2015,16.21
8/13/2015,16.22
8/14/2015,16.28
8/17/2015,16.4
8/18/2015,16.36
8/19/2015,16.21
8/20/2015,15.72
8/21/2015,15.16
8/24/2015,14.57
8/25/2015,14.53
8/26/2015,15.11
8/27/2015,15.5
8/28/2015,15.54
8/31/2015,15.32
9/1/2015,14.85
9/2/2015,15.19
9/3/2015,15.15
9/4/2015,15
9/8/2015,15.43
9/9/2015,15.23
9/10/2015,15.29
9/11/2015,15.37
9/14/2015,15.31
9/15/2015,15.47
9/16/2015,15.59
9/17/2015,15.64
9/18/2015,15.42
9/21/2015,15.43
9/22/2015,15.19
9/23/2015,15.15
9/24/2015,15.03
9/25/2015,14.85
9/28/2015,14.3
9/29/2015,14.2
9/30/2015,14.54
10/1/2015,14.59
10/2/2015,14.81
10/5/2015,15
10/6/2015,14.83
10/7/2015,14.97
10/8/2015,15.06
10/9/2015,15.16
10/12/2015,15.22
10/13/2015,15.08
10/14/2015,15.03
10/15/2015,15.25
10/16/2015,15.33
10/19/2015,15.38
10/20/2015,15.27
10/21/2015,15.09
10/22/2015,15.24
10/23/2015,15.45
10/26/2015,15.45
10/27/2015,15.41
10/28/2015,15.66
10/29/2015,15.59
10/30/2015,15.52
11/2/2015,15.67
11/3/2015,15.71
11/4/2015,15.77
11/5/2015,15.77
11/6/2015,15.83
11/9/2015,15.66
11/10/2015,15.65
11/11/2015,15.61
11/12/2015,15.38
11/13/2015,15.15
11/16/2015,15.35
11/17/2015,15.38
11/18/2015,15.7
11/19/2015,15.64
11/20/2015,15.72
11/23/2015,15.75
11/24/2015,15.76
11/25/2015,15.81
11/27/2015,15.83
11/30/2015,15.73
12/1/2015,15.9
12/2/2015,15.8
12/3/2015,15.54
12/4/2015,15.87
12/7/2015,15.73
12/8/2015,15.76
12/9/2015,15.54
12/10/2015,15.61
12/11/2015,14.71
12/14/2015,14.8
12/15/2015,14.98
12/16/2015,15.2
12/17/2015,14.99
12/18/2015,14.75
12/21/2015,14.85
12/22/2015,14.94
12/23/2015,15.12
12/24/2015,15.12
12/28/2015,15.09
12/29/2015,15.27
12/30/2015,15.15
12/31/2015,15.01
1/4/2016,14.71
1/5/2016,14.67
1/6/2016,14.47
1/7/2016,14.02
1/8/2016,13.87
1/11/2016,13.81
1/12/2016,13.94
1/13/2016,13.4
1/14/2016,13.59
1/15/2016,13.28
1/19/2016,13.24
1/20/2016,13.24
1/21/2016,13.26
1/22/2016,13.58
1/25/2016,13.33
1/26/2016,13.46
1/27/2016,13.19
1/28/2016,13.22
1/29/2016,13.55
2/1/2016,13.63
2/2/2016,13.28
2/3/2016,13.23
2/4/2016,13.29
2/5/2016,12.73
2/8/2016,12.32
2/9/2016,12.33
2/10/2016,12.44
2/11/2016,12.29
2/12/2016,12.54
2/16/2016,12.82
2/17/2016,13.18
2/18/2016,13.02
2/19/2016,13.07
2/22/2016,13.3
2/23/2016,13.18
2/24/2016,13.27
2/25/2016,13.45
2/26/2016,13.55
2/29/2016,13.43
3/1/2016,13.84
3/2/2016,13.88
3/3/2016,13.92
3/4/2016,13.95
3/7/2016,13.89
3/8/2016,13.68
3/9/2016,13.73
3/10/2016,13.74
3/11/2016,14.05
3/14/2016,14.03
3/15/2016,13.93
3/16/2016,14.05
3/17/2016,14.11
3/18/2016,14.21
3/21/2016,14.24
3/22/2016,14.28
3/23/2016,14.14
3/24/2016,14.14
3/28/2016,14.15
3/29/2016,14.36
3/30/2016,14.4
3/31/2016,14.38
4/1/2016,14.52
4/4/2016,14.45
4/5/2016,14.34
4/6/2016,14.6
4/7/2016,14.41
4/8/2016,14.43
4/11/2016,14.36
4/12/2016,14.47
4/13/2016,14.71
4/14/2016,14.72
4/15/2016,14.7
4/18/2016,14.78
4/19/2016,14.7
4/20/2016,14.77
4/21/2016,14.75
4/22/2016,14.69
4/25/2016,14.64
4/26/2016,14.65
4/27/2016,14.66
4/28/2016,14.51
4/29/2016,14.41
5/2/2016,14.54
5/3/2016,14.33
5/4/2016,14.21
5/5/2016,14.21
5/6/2016,14.28
5/9/2016,14.34
5/10/2016,14.52
5/11/2016,14.38
5/12/2016,14.33
5/13/2016,14.24
5/16/2016,14.41
5/17/2016,14.28
5/18/2016,14.33
5/19/2016,14.25
5/20/2016,14.41
5/23/2016,14.4
5/24/2016,14.66
5/25/2016,14.71
5/26/2016,14.7
5/27/2016,14.8
5/31/2016,14.82
6/1/2016,14.87
6/2/2016,14.94
6/3/2016,14.87
6/6/2016,14.96
6/7/2016,14.99
6/8/2016,15.04
6/9/2016,14.96
6/10/2016,14.71
6/13/2016,14.57
6/14/2016,14.53
6/15/2016,14.54
6/16/2016,14.54
6/17/2016,14.42
6/20/2016,14.58
6/21/2016,14.59
6/22/2016,14.55
6/23/2016,14.79
6/24/2016,14.15
6/27/2016,13.74
6/28/2016,14.05
6/29/2016,14.31
6/30/2016,14.42
7/1/2016,14.46
7/5/2016,14.34
7/6/2016,14.44
7/7/2016,14.46
7/8/2016,14.72
7/11/2016,14.79
7/12/2016,14.92
7/13/2016,14.86
7/14/2016,14.91
7/15/2016,14.9
7/18/2016,14.96
7/19/2016,14.91
7/20/2016,15.07
7/21/2016,14.98
7/22/2016,15.07
7/25/2016,15.04
7/26/2016,15.06
7/27/2016,15.08
7/28/2016,15.17
7/29/2016,15.18
8/1/2016,15.17
8/2/2016,15.03
8/3/2016,15.12
8/4/2016,15.18
8/5/2016,15.33
8/8/2016,15.28
8/9/2016,15.26
8/10/2016,15.23
8/11/2016,15.31
8/12/2016,15.3
8/15/2016,15.37
8/16/2016,15.23
8/17/2016,15.23
8/18/2016,15.28
8/19/2016,15.27
8/22/2016,15.28
8/23/2016,15.35
8/24/2016,15.23
8/25/2016,15.19
8/26/2016,15.18
8/29/2016,15.23
8/30/2016,15.2
8/31/2016,15.17
9/1/2016,15.18
9/2/2016,15.25
9/6/2016,15.3
9/7/2016,15.29
9/8/2016,15.25
9/9/2016,14.86
9/12/2016,15.06
9/13/2016,14.87
9/14/2016,14.89
9/15/2016,15.07
9/16/2016,15.06
9/19/2016,15.03
9/20/2016,15.03
9/21/2016,15.19
9/22/2016,15.3
9/23/2016,15.19
9/26/2016,15.07
9/27/2016,15.22
9/28/2016,15.27
9/29/2016,15.15
9/30/2016,15.3
10/3/2016,15.27
10/4/2016,15.22
10/5/2016,15.28
10/6/2016,15.29
10/7/2016,15.2
10/10/2016,15.3
10/11/2016,15.02
10/12/2016,15
10/13/2016,14.94
10/14/2016,14.93
10/17/2016,14.88
10/18/2016,15.04
10/19/2016,15.07
10/20/2016,15.04
10/21/2016,15.1
10/24/2016,15.22
10/25/2016,15.06
10/26/2016,14.99
10/27/2016,14.9
10/28/2016,14.85
10/31/2016,14.84
11/1/2016,14.77
11/2/2016,14.64
11/3/2016,14.52
11/4/2016,14.55
11/7/2016,14.92
11/8/2016,15.01
11/9/2016,15.13
11/10/2016,15.08
11/11/2016,15.1
11/14/2016,15.07
11/15/2016,15.21
11/16/2016,15.23
11/17/2016,15.34
11/18/2016,15.28
11/21/2016,15.43
11/22/2016,15.45
11/23/2016,15.45
11/25/2016,15.48
11/28/2016,15.32
11/29/2016,15.35
11/30/2016,15.25
12/1/2016,15.06
12/2/2016,15.05
12/5/2016,15.22
12/6/2016,15.28
12/7/2016,15.42
12/8/2016,15.47
12/9/2016,15.51
12/12/2016,15.39
12/13/2016,15.5
12/14/2016,15.42
12/15/2016,15.47
12/16/2016,15.42
12/19/2016,15.43
12/20/2016,15.48
12/21/2016,15.46
12/22/2016,15.36
12/23/2016,15.41
12/27/2016,15.48
12/28/2016,15.32
12/29/2016,15.29
12/30/2016,15.17
1/3/2017,15.32
1/4/2017,15.54
1/5/2017,15.54
1/6/2017,15.64
1/9/2017,15.61
1/10/2017,15.64
1/11/2017,15.67
1/12/2017,15.65
1/13/2017,15.71
1/17/2017,15.57
1/18/2017,15.64
1/19/2017,15.61
1/20/2017,15.67
1/23/2017,15.68
1/24/2017,15.83
1/25/2017,16.02
1/26/2017,16.04
1/27/2017,16.02
1/30/2017,15.9
1/31/2017,15.89
2/1/2017,15.95
2/2/2017,15.92
2/3/2017,16.03
2/6/2017,16.01
2/7/2017,16.03
2/8/2017,16.06
2/9/2017,16.19
2/10/2017,16.26
2/13/2017,16.33
2/14/2017,16.38
2/15/2017,16.51
2/16/2017,16.46
2/17/2017,16.49
2/21/2017,16.6
2/22/2017,16.59
2/23/2017,16.48
2/24/2017,16.52
2/27/2017,16.61
2/28/2017,16.54
3/1/2017,16.78
3/2/2017,16.65
3/3/2017,16.71
3/6/2017,16.61
3/7/2017,16.55
3/8/2017,16.58
3/9/2017,16.59
3/10/2017,16.67
3/13/2017,16.73
3/14/2017,16.65
3/15/2017,16.77
3/16/2017,16.77
3/17/2017,16.76
3/20/2017,16.73
3/21/2017,16.43
3/22/2017,16.51
3/23/2017,16.48
3/24/2017,16.5
3/27/2017,16.53
3/28/2017,16.65
3/29/2017,16.74
3/30/2017,16.79
3/31/2017,16.78
4/3/2017,16.73
4/4/2017,16.68
4/5/2017,16.61
4/6/2017,16.67
4/7/2017,16.66
4/10/2017,16.67
4/11/2017,16.66
4/12/2017,16.57
4/13/2017,16.47
4/17/2017,16.64
4/18/2017,16.61
4/19/2017,16.66
4/20/2017,16.84
4/21/2017,16.83
4/24/2017,17.03
4/25/2017,17.14
4/26/2017,17.13
4/27/2017,17.24
4/28/2017,17.23
5/1/2017,17.35
5/2/2017,17.41
5/3/2017,17.38
5/4/2017,17.43
5/5/2017,17.49
5/8/2017,17.48
5/9/2017,17.55
5/10/2017,17.64
5/11/2017,17.57
5/12/2017,17.54
5/15/2017,17.64
5/16/2017,17.66
5/17/2017,17.21
5/18/2017,17.37
5/19/2017,17.47
5/22/2017,17.61
5/23/2017,17.62
5/24/2017,17.72
5/25/2017,17.87
5/26/2017,17.87
5/30/2017,17.83
5/31/2017,17.85
6/1/2017,18.04
6/2/2017,18.16
6/5/2017,18.15
6/6/2017,18.07
6/7/2017,18.14
6/8/2017,18.2
6/9/2017,17.93
6/12/2017,17.81
6/13/2017,17.99
6/14/2017,17.95
6/15/2017,17.88
6/16/2017,17.9
6/19/2017,18.13
6/20/2017,18.01
6/21/2017,18.11
6/22/2017,18.14
6/23/2017,18.24
6/26/2017,18.17
6/27/2017,17.92
6/28/2017,18.18
6/29/2017,17.95
6/30/2017,17.95
7/3/2017,17.88
7/5/2017,18.02
7/6/2017,17.84
7/7/2017,18.05
7/10/2017,18.11
7/11/2017,18.14
7/12/2017,18.32
7/13/2017,18.33
7/14/2017,18.4
7/17/2017,18.39
7/18/2017,18.49
7/19/2017,18.63
7/20/2017,18.65
7/21/2017,18.67
7/24/2017,18.75
7/25/2017,18.72
7/26/2017,18.75
7/27/2017,18.57
7/28/2017,18.58
7/31/2017,18.47
8/1/2017,18.51
8/2/2017,18.56
8/3/2017,18.55
8/4/2017,18.62
8/7/2017,18.7
8/8/2017,18.63
8/9/2017,18.55
8/10/2017,18.18
8/11/2017,18.28
8/14/2017,18.51
8/15/2017,18.52
8/16/2017,18.57
8/17/2017,18.25
8/18/2017,18.24
8/21/2017,18.24
8/22/2017,18.51
8/23/2017,18.44
8/24/2017,18.42
8/25/2017,18.37
8/28/2017,18.49
8/29/2017,18.52
8/30/2017,18.69
8/31/2017,18.87
9/1/2017,18.9
9/5/2017,18.76
9/6/2017,18.76
9/7/2017,18.85
9/8/2017,18.8
9/11/2017,19
9/12/2017,19.05
9/13/2017,19.02
9/14/2017,18.96
9/15/2017,19
9/18/2017,19.02
9/19/2017,19.02
9/20/2017,19.06
9/21/2017,18.99
9/22/2017,18.97
9/25/2017,18.74
9/26/2017,18.76
9/27/2017,18.97
9/28/2017,19.04
9/29/2017,19.14
10/2/2017,19.19
10/3/2017,19.26
10/4/2017,19.29
10/5/2017,19.4
10/6/2017,19.45
10/9/2017,19.41
10/10/2017,19.38
10/11/2017,19.46
10/12/2017,19.49
10/13/2017,19.49
10/16/2017,19.52
10/17/2017,19.52
10/18/2017,19.52
10/19/2017,19.5
10/20/2017,19.66
10/23/2017,19.55
10/24/2017,19.66
10/25/2017,19.49
10/26/2017,19.59
10/27/2017,19.94
10/30/2017,19.9
10/31/2017,19.99
11/1/2017,19.91
11/2/2017,19.86
11/3/2017,20.04
11/6/2017,20.1
11/7/2017,20.04
11/8/2017,20.06
11/9/2017,19.95
11/10/2017,19.99
11/13/2017,20.03
11/14/2017,20.02
11/15/2017,19.9
11/16/2017,20.12
11/17/2017,20.11
11/20/2017,20.18
11/21/2017,20.42
11/22/2017,20.43
11/24/2017,20.54
11/27/2017,20.52
11/28/2017,20.63
11/29/2017,20.34
11/30/2017,20.56
12/1/2017,20.42
12/4/2017,20.11
12/5/2017,20.1
12/6/2017,20.16
12/7/2017,20.37
12/8/2017,20.48
12/11/2017,20.48
12/12/2017,20.42
12/13/2017,19.6
12/14/2017,19.53
12/15/2017,19.74
12/18/2017,19.89
12/19/2017,19.81
12/20/2017,19.79
12/21/2017,19.79
12/22/2017,19.76
12/26/2017,19.72
12/27/2017,19.75
12/28/2017,19.81
12/29/2017,19.67
1/2/2018,19.91
1/3/2018,20.11
1/4/2018,20.18
1/5/2018,20.37
1/8/2018,20.44
1/9/2018,20.47
1/10/2018,20.43
1/11/2018,20.62
1/12/2018,20.76
1/16/2018,20.66
1/17/2018,20.86
1/18/2018,20.9
1/19/2018,21.04
1/22/2018,21.19
1/23/2018,21.33
1/24/2018,21.24
1/25/2018,21.23
1/26/2018,21.46
1/29/2018,21.33
1/30/2018,21.13
1/31/2018,21.19
2/1/2018,21.13
2/2/2018,20.67
2/5/2018,19.9
2/6/2018,20.33
2/7/2018,20.23
2/8/2018,19.39
2/9/2018,19.69
2/12/2018,20.02
2/13/2018,20.11
2/14/2018,20.5
2/15/2018,20.77
2/16/2018,20.71
2/20/2018,20.71
2/21/2018,20.67
2/22/2018,20.66
2/23/2018,20.99
2/26/2018,21.21
2/27/2018,21
2/28/2018,20.85
3/1/2018,20.59
3/2/2018,20.8
3/5/2018,21.02
3/6/2018,21.15
3/7/2018,21.25
3/8/2018,21.33
3/9/2018,21.71
3/12/2018,21.74
3/13/2018,21.57
3/14/2018,21.55
3/15/2018,21.52
3/16/2018,21.51
3/19/2018,21.17
3/20/2018,21.32
3/21/2018,21.25
3/22/2018,20.71
3/23/2018,20.26
3/26/2018,20.87
3/27/2018,20.27
3/28/2018,20.05
3/29/2018,20.39
4/2/2018,19.89
4/3/2018,20.14
4/4/2018,20.37
4/5/2018,20.52
4/6/2018,20.04
4/9/2018,20.1
4/10/2018,20.52
4/11/2018,20.43
4/12/2018,20.66
4/13/2018,20.55
4/16/2018,20.7
4/17/2018,21.12
4/18/2018,21.19
4/19/2018,21.1
4/20/2018,20.87
4/23/2018,20.79
4/24/2018,20.33
4/25/2018,20.3
4/26/2018,20.58
4/27/2018,20.62
4/30/2018,20.51
5/1/2018,20.66
5/2/2018,20.64
5/3/2018,20.67
5/4/2018,20.93
5/7/2018,21.12
5/8/2018,21.2
5/9/2018,21.44
5/10/2018,21.59
5/11/2018,21.62
5/14/2018,21.59
5/15/2018,21.45
5/16/2018,21.53
5/17/2018,21.53
5/18/2018,21.54
5/21/2018,21.68
5/22/2018,21.55
5/23/2018,21.67
5/24/2018,21.66
5/25/2018,21.67
5/29/2018,21.5
5/30/2018,21.73
5/31/2018,21.62
6/1/2018,21.94
6/4/2018,22.12
6/5/2018,22.22
6/6/2018,22.41
6/7/2018,22.23
6/8/2018,22.3
6/11/2018,22.31
6/12/2018,22.49
6/13/2018,22.46
6/14/2018,22.58
6/15/2018,22.57
6/18/2018,22.59
6/19/2018,22.47
6/20/2018,22.62
6/21/2018,22.4
6/22/2018,22.27
6/25/2018,21.75
6/26/2018,21.85
6/27/2018,21.52
6/28/2018,21.7
6/29/2018,21.73
7/2/2018,21.9
7/3/2018,21.73
7/5/2018,21.95
7/6/2018,22.18
7/9/2018,22.43
7/10/2018,22.45
7/11/2018,22.39
7/12/2018,22.68
7/13/2018,22.67
7/16/2018,22.59
7/17/2018,22.76
7/18/2018,22.83
7/19/2018,22.72
7/20/2018,22.69
7/23/2018,22.73
7/24/2018,22.67
7/25/2018,22.98
7/26/2018,22.8
7/27/2018,22.48
7/30/2018,22.01
7/31/2018,22.12
8/1/2018,22.21
8/2/2018,22.55
8/3/2018,22.48
8/6/2018,22.66
8/7/2018,22.74
8/8/2018,22.73
8/9/2018,22.77
8/10/2018,22.67
8/13/2018,22.6
8/14/2018,22.79
8/15/2018,22.49
8/16/2018,22.64
8/17/2018,22.62
8/20/2018,22.68
8/21/2018,22.74
8/22/2018,22.88
8/23/2018,22.88
8/24/2018,23.17
8/27/2018,23.38
8/28/2018,23.43
8/29/2018,23.64
8/30/2018,23.57
8/31/2018,23.62
9/4/2018,23.65
9/5/2018,23.3
9/6/2018,23.21
9/7/2018,23.18
9/10/2018,23.22
9/11/2018,23.4
9/12/2018,23.4
9/13/2018,23.55
9/14/2018,23.53
9/17/2018,23.15
9/18/2018,23.31
9/19/2018,23.23
9/20/2018,23.39
9/21/2018,23.3
9/24/2018,23.37
9/25/2018,23.48
9/26/2018,23.4
9/27/2018,23.55
9/28/2018,23.57
10/1/2018,23.57
10/2/2018,23.41
10/3/2018,23.5
10/4/2018,23.05
10/5/2018,22.83
10/8/2018,22.57
10/9/2018,22.56
10/10/2018,21.55
10/11/2018,21.29
10/12/2018,21.82
10/15/2018,21.59
10/16/2018,22.22
10/17/2018,22.13
10/18/2018,21.67
10/19/2018,21.49
10/22/2018,21.54
10/23/2018,21.4
10/24/2018,20.49
10/25/2018,21.13
10/26/2018,20.68
10/29/2018,20.32
10/30/2018,20.69
10/31/2018,21.22
11/1/2018,21.56
11/2/2018,21.39
11/5/2018,21.28
11/6/2018,21.33
11/7/2018,21.97
11/8/2018,21.86
11/9/2018,21.54
11/12/2018,20.91
11/13/2018,20.88
11/14/2018,20.65
11/15/2018,21
11/16/2018,20.9
11/19/2018,20.12
11/20/2018,19.83
11/21/2018,20.04
11/23/2018,19.91
11/26/2018,20.4
11/27/2018,20.37
11/28/2018,21.15
11/29/2018,21.1
11/30/2018,21.29
12/3/2018,21.67
12/4/2018,20.77
12/6/2018,20.83
12/7/2018,20.16
12/10/2018,20.28
12/11/2018,20.25
12/12/2018,18.73
12/13/2018,18.66
12/14/2018,18.26
12/17/2018,17.79
12/18/2018,17.9
12/19/2018,17.6
12/20/2018,17.22
12/21/2018,16.7
12/24/2018,16.35
12/26/2018,17.37
12/27/2018,17.52
12/28/2018,17.5
12/31/2018,17.69
1/2/2019,17.66
1/3/2019,17.09
1/4/2019,17.83
1/7/2019,18.16
1/8/2019,18.37
1/9/2019,18.56
1/10/2019,18.68
1/11/2019,18.64
1/14/2019,18.51
1/15/2019,18.87
1/16/2019,18.93
1/17/2019,19.09
1/18/2019,19.31
1/22/2019,18.93
1/23/2019,18.91
1/24/2019,19.02
1/25/2019,19.28
1/28/2019,19.04
1/29/2019,18.94
1/30/2019,19.38
1/31/2019,19.56
2/1/2019,19.58
2/4/2019,19.79
2/5/2019,19.93
2/6/2019,19.83
2/7/2019,19.62
2/8/2019,19.66
2/11/2019,19.71
2/12/2019,20.07
2/13/2019,20.1
2/14/2019,20.11
2/15/2019,20.29
2/19/2019,20.28
2/20/2019,20.25
2/21/2019,20.16
2/22/2019,20.43
2/25/2019,20.55
2/26/2019,20.54
2/27/2019,20.59
2/28/2019,20.51
3/1/2019,20.69
3/4/2019,20.51
3/5/2019,20.49
3/6/2019,20.3
3/7/2019,20.12
3/8/2019,20.06
3/11/2019,20.41
3/12/2019,20.46
3/13/2019,20.63
3/14/2019,20.62
3/15/2019,20.71
3/18/2019,20.81
3/19/2019,20.87
3/20/2019,20.88
3/21/2019,21.21
3/22/2019,20.63
3/25/2019,20.63
3/26/2019,20.71
3/27/2019,20.55
3/28/2019,20.7
3/29/2019,20.86
4/1/2019,21.11
4/2/2019,21.17
4/3/2019,21.29
4/4/2019,21.24
4/5/2019,21.36
4/8/2019,21.37
4/9/2019,21.22
4/10/2019,21.35
4/11/2019,21.32
4/12/2019,21.39
4/15/2019,21.4
4/16/2019,21.42
4/17/2019,21.28
4/18/2019,21.34
4/22/2019,21.44
